photoID,hotelID,date,photoAlbums,url
101,1,Fri May 15 2020 18:09:36 GMT-0700 (Pacific Daylight Time),"[All photos,Favorites]",https://sdc-carousel-photos.s3-us-west-1.amazonaws.com/photos/sdc-271.jpg
102,1,Tue Jun 09 2020 04:53:54 GMT-0700 (Pacific Daylight Time),"[All photos,Family/Play Areas]",https://sdc-carousel-photos.s3-us-west-1.amazonaws.com/photos/sdc-706.jpg
103,1,Sat Jun 13 2020 23:48:19 GMT-0700 (Pacific Daylight Time),"[All photos,Room/Suite]",https://sdc-carousel-photos.s3-us-west-1.amazonaws.com/photos/sdc-437.jpg
104,1,Thu May 14 2020 18:16:38 GMT-0700 (Pacific Daylight Time),"[All photos,Bathroom]",https://sdc-carousel-photos.s3-us-west-1.amazonaws.com/photos/sdc-875.jpg
105,1,Sat May 30 2020 14:59:10 GMT-0700 (Pacific Daylight Time),"[All photos,Family/Play Areas]",https://sdc-carousel-photos.s3-us-west-1.amazonaws.com/photos/sdc-575.jpg
106,1,Tue May 26 2020 13:27:57 GMT-0700 (Pacific Daylight Time),"[All photos,Room/Suite]",https://sdc-carousel-photos.s3-us-west-1.amazonaws.com/photos/sdc-856.jpg
107,1,Fri May 15 2020 07:42:26 GMT-0700 (Pacific Daylight Time),"[All photos,Favorites]",https://sdc-carousel-photos.s3-us-west-1.amazonaws.com/photos/sdc-43.jpg
108,1,Wed Jun 10 2020 01:09:32 GMT-0700 (Pacific Daylight Time),"[All photos,Room/Suite]",https://sdc-carousel-photos.s3-us-west-1.amazonaws.com/photos/sdc-156.jpg
109,1,Fri Apr 17 2020 08:31:57 GMT-0700 (Pacific Daylight Time),"[All photos,Room/Suite]",https://sdc-carousel-photos.s3-us-west-1.amazonaws.com/photos/sdc-811.jpg
110,1,Fri Jun 05 2020 03:41:43 GMT-0700 (Pacific Daylight Time),"[All photos,Bathroom]",https://sdc-carousel-photos.s3-us-west-1.amazonaws.com/photos/sdc-571.jpg
111,1,Sun May 03 2020 06:45:07 GMT-0700 (Pacific Daylight Time),"[All photos,Family/Play Areas]",https://sdc-carousel-photos.s3-us-west-1.amazonaws.com/photos/sdc-289.jpg
112,1,Fri May 01 2020 15:25:04 GMT-0700 (Pacific Daylight Time),"[All photos,Room/Suite]",https://sdc-carousel-photos.s3-us-west-1.amazonaws.com/photos/sdc-462.jpg
113,1,Thu May 21 2020 08:48:27 GMT-0700 (Pacific Daylight Time),"[All photos,Favorites]",https://sdc-carousel-photos.s3-us-west-1.amazonaws.com/photos/sdc-175.jpg
114,1,Thu Apr 02 2020 09:11:32 GMT-0700 (Pacific Daylight Time),"[All photos,Favorites]",https://sdc-carousel-photos.s3-us-west-1.amazonaws.com/photos/sdc-706.jpg
115,1,Mon Jun 08 2020 00:03:32 GMT-0700 (Pacific Daylight Time),"[All photos,Bathroom]",https://sdc-carousel-photos.s3-us-west-1.amazonaws.com/photos/sdc-56.jpg
116,1,Tue May 05 2020 16:53:03 GMT-0700 (Pacific Daylight Time),"[All photos,Favorites]",https://sdc-carousel-photos.s3-us-west-1.amazonaws.com/photos/sdc-932.jpg
117,1,Sun Apr 05 2020 03:27:46 GMT-0700 (Pacific Daylight Time),"[All photos,Favorites]",https://sdc-carousel-photos.s3-us-west-1.amazonaws.com/photos/sdc-193.jpg
118,1,Wed May 20 2020 05:06:05 GMT-0700 (Pacific Daylight Time),"[All photos,Traveler]",https://sdc-carousel-photos.s3-us-west-1.amazonaws.com/photos/sdc-52.jpg
119,1,Tue Jun 02 2020 15:21:36 GMT-0700 (Pacific Daylight Time),"[All photos,Dining]",https://sdc-carousel-photos.s3-us-west-1.amazonaws.com/photos/sdc-230.jpg
120,1,Mon Jun 29 2020 21:19:58 GMT-0700 (Pacific Daylight Time),"[All photos,Bathroom]",https://sdc-carousel-photos.s3-us-west-1.amazonaws.com/photos/sdc-926.jpg
121,2,Mon Jun 22 2020 10:50:17 GMT-0700 (Pacific Daylight Time),"[All photos,Room/Suite]",https://sdc-carousel-photos.s3-us-west-1.amazonaws.com/photos/sdc-741.jpg
122,2,Fri Apr 10 2020 12:09:38 GMT-0700 (Pacific Daylight Time),"[All photos,Traveler]",https://sdc-carousel-photos.s3-us-west-1.amazonaws.com/photos/sdc-899.jpg
123,2,Sun Apr 12 2020 05:42:53 GMT-0700 (Pacific Daylight Time),"[All photos,Room/Suite]",https://sdc-carousel-photos.s3-us-west-1.amazonaws.com/photos/sdc-670.jpg
124,2,Fri May 29 2020 04:25:03 GMT-0700 (Pacific Daylight Time),"[All photos,Pool & Beach]",https://sdc-carousel-photos.s3-us-west-1.amazonaws.com/photos/sdc-891.jpg
125,2,Wed Jun 03 2020 21:47:42 GMT-0700 (Pacific Daylight Time),"[All photos,Favorites]",https://sdc-carousel-photos.s3-us-west-1.amazonaws.com/photos/sdc-896.jpg
126,2,Sat Apr 25 2020 17:45:52 GMT-0700 (Pacific Daylight Time),"[All photos,Family/Play Areas]",https://sdc-carousel-photos.s3-us-west-1.amazonaws.com/photos/sdc-42.jpg
127,2,Sat Jun 13 2020 07:34:53 GMT-0700 (Pacific Daylight Time),"[All photos,Hotel & Amenities]",https://sdc-carousel-photos.s3-us-west-1.amazonaws.com/photos/sdc-202.jpg
128,2,Wed Apr 22 2020 00:46:42 GMT-0700 (Pacific Daylight Time),"[All photos,Traveler]",https://sdc-carousel-photos.s3-us-west-1.amazonaws.com/photos/sdc-979.jpg
129,2,Fri Apr 03 2020 02:19:34 GMT-0700 (Pacific Daylight Time),"[All photos,Bathroom]",https://sdc-carousel-photos.s3-us-west-1.amazonaws.com/photos/sdc-798.jpg
130,2,Thu May 07 2020 17:51:56 GMT-0700 (Pacific Daylight Time),"[All photos,Traveler]",https://sdc-carousel-photos.s3-us-west-1.amazonaws.com/photos/sdc-19.jpg
131,2,Tue Apr 28 2020 14:50:13 GMT-0700 (Pacific Daylight Time),"[All photos,Room/Suite]",https://sdc-carousel-photos.s3-us-west-1.amazonaws.com/photos/sdc-896.jpg
132,2,Wed Apr 15 2020 20:20:44 GMT-0700 (Pacific Daylight Time),"[All photos,Dining]",https://sdc-carousel-photos.s3-us-west-1.amazonaws.com/photos/sdc-564.jpg
133,2,Tue Apr 07 2020 04:31:42 GMT-0700 (Pacific Daylight Time),"[All photos,Pool & Beach]",https://sdc-carousel-photos.s3-us-west-1.amazonaws.com/photos/sdc-730.jpg
134,2,Sun Apr 05 2020 15:07:52 GMT-0700 (Pacific Daylight Time),"[All photos,Room/Suite]",https://sdc-carousel-photos.s3-us-west-1.amazonaws.com/photos/sdc-934.jpg
135,2,Tue Apr 21 2020 08:45:21 GMT-0700 (Pacific Daylight Time),"[All photos,Bathroom]",https://sdc-carousel-photos.s3-us-west-1.amazonaws.com/photos/sdc-95.jpg
136,2,Sat Apr 11 2020 01:07:58 GMT-0700 (Pacific Daylight Time),"[All photos,Hotel & Amenities]",https://sdc-carousel-photos.s3-us-west-1.amazonaws.com/photos/sdc-117.jpg
137,2,Sat May 16 2020 19:23:06 GMT-0700 (Pacific Daylight Time),"[All photos,Bathroom]",https://sdc-carousel-photos.s3-us-west-1.amazonaws.com/photos/sdc-197.jpg
138,2,Sun May 10 2020 05:37:55 GMT-0700 (Pacific Daylight Time),"[All photos,Pool & Beach]",https://sdc-carousel-photos.s3-us-west-1.amazonaws.com/photos/sdc-357.jpg
139,2,Sat Apr 25 2020 22:36:42 GMT-0700 (Pacific Daylight Time),"[All photos,Favorites]",https://sdc-carousel-photos.s3-us-west-1.amazonaws.com/photos/sdc-878.jpg
140,2,Sat May 23 2020 00:51:22 GMT-0700 (Pacific Daylight Time),"[All photos,Family/Play Areas]",https://sdc-carousel-photos.s3-us-west-1.amazonaws.com/photos/sdc-930.jpg
141,3,Thu Apr 30 2020 21:57:46 GMT-0700 (Pacific Daylight Time),"[All photos,Traveler]",https://sdc-carousel-photos.s3-us-west-1.amazonaws.com/photos/sdc-573.jpg
142,3,Tue Jun 02 2020 20:42:12 GMT-0700 (Pacific Daylight Time),"[All photos,Hotel & Amenities]",https://sdc-carousel-photos.s3-us-west-1.amazonaws.com/photos/sdc-952.jpg
143,3,Mon Apr 20 2020 12:43:41 GMT-0700 (Pacific Daylight Time),"[All photos,Hotel & Amenities]",https://sdc-carousel-photos.s3-us-west-1.amazonaws.com/photos/sdc-16.jpg
144,3,Thu Jun 25 2020 20:43:22 GMT-0700 (Pacific Daylight Time),"[All photos,Bathroom]",https://sdc-carousel-photos.s3-us-west-1.amazonaws.com/photos/sdc-394.jpg
145,3,Fri Apr 10 2020 17:57:44 GMT-0700 (Pacific Daylight Time),"[All photos,Traveler]",https://sdc-carousel-photos.s3-us-west-1.amazonaws.com/photos/sdc-604.jpg
146,3,Tue Jun 16 2020 20:10:29 GMT-0700 (Pacific Daylight Time),"[All photos,Family/Play Areas]",https://sdc-carousel-photos.s3-us-west-1.amazonaws.com/photos/sdc-618.jpg
147,3,Mon Jun 08 2020 16:55:45 GMT-0700 (Pacific Daylight Time),"[All photos,Hotel & Amenities]",https://sdc-carousel-photos.s3-us-west-1.amazonaws.com/photos/sdc-925.jpg
148,3,Sun May 10 2020 21:57:02 GMT-0700 (Pacific Daylight Time),"[All photos,Pool & Beach]",https://sdc-carousel-photos.s3-us-west-1.amazonaws.com/photos/sdc-736.jpg
149,3,Thu Apr 16 2020 11:10:57 GMT-0700 (Pacific Daylight Time),"[All photos,Pool & Beach]",https://sdc-carousel-photos.s3-us-west-1.amazonaws.com/photos/sdc-6.jpg
150,3,Sat May 23 2020 05:40:27 GMT-0700 (Pacific Daylight Time),"[All photos,Hotel & Amenities]",https://sdc-carousel-photos.s3-us-west-1.amazonaws.com/photos/sdc-720.jpg
151,3,Mon Apr 20 2020 03:59:28 GMT-0700 (Pacific Daylight Time),"[All photos,Bathroom]",https://sdc-carousel-photos.s3-us-west-1.amazonaws.com/photos/sdc-953.jpg
152,3,Fri Jun 26 2020 05:24:44 GMT-0700 (Pacific Daylight Time),"[All photos,Dining]",https://sdc-carousel-photos.s3-us-west-1.amazonaws.com/photos/sdc-175.jpg
153,3,Wed Jun 17 2020 18:53:31 GMT-0700 (Pacific Daylight Time),"[All photos,Pool & Beach]",https://sdc-carousel-photos.s3-us-west-1.amazonaws.com/photos/sdc-552.jpg
154,3,Thu Apr 23 2020 19:45:26 GMT-0700 (Pacific Daylight Time),"[All photos,Family/Play Areas]",https://sdc-carousel-photos.s3-us-west-1.amazonaws.com/photos/sdc-376.jpg
155,3,Sat May 02 2020 01:37:06 GMT-0700 (Pacific Daylight Time),"[All photos,Pool & Beach]",https://sdc-carousel-photos.s3-us-west-1.amazonaws.com/photos/sdc-564.jpg
156,3,Thu May 14 2020 04:47:25 GMT-0700 (Pacific Daylight Time),"[All photos,Hotel & Amenities]",https://sdc-carousel-photos.s3-us-west-1.amazonaws.com/photos/sdc-563.jpg
157,3,Mon Apr 27 2020 15:54:20 GMT-0700 (Pacific Daylight Time),"[All photos,Family/Play Areas]",https://sdc-carousel-photos.s3-us-west-1.amazonaws.com/photos/sdc-470.jpg
158,3,Fri Jun 12 2020 03:06:00 GMT-0700 (Pacific Daylight Time),"[All photos,Bathroom]",https://sdc-carousel-photos.s3-us-west-1.amazonaws.com/photos/sdc-706.jpg
159,3,Tue May 19 2020 08:54:08 GMT-0700 (Pacific Daylight Time),"[All photos,Pool & Beach]",https://sdc-carousel-photos.s3-us-west-1.amazonaws.com/photos/sdc-258.jpg
160,3,Tue May 05 2020 22:52:46 GMT-0700 (Pacific Daylight Time),"[All photos,Family/Play Areas]",https://sdc-carousel-photos.s3-us-west-1.amazonaws.com/photos/sdc-260.jpg
161,4,Sun May 10 2020 01:39:20 GMT-0700 (Pacific Daylight Time),"[All photos,Traveler]",https://sdc-carousel-photos.s3-us-west-1.amazonaws.com/photos/sdc-300.jpg
162,4,Fri May 22 2020 08:54:41 GMT-0700 (Pacific Daylight Time),"[All photos,Dining]",https://sdc-carousel-photos.s3-us-west-1.amazonaws.com/photos/sdc-420.jpg
163,4,Mon Jun 15 2020 11:01:50 GMT-0700 (Pacific Daylight Time),"[All photos,Dining]",https://sdc-carousel-photos.s3-us-west-1.amazonaws.com/photos/sdc-712.jpg
164,4,Sun May 03 2020 14:31:13 GMT-0700 (Pacific Daylight Time),"[All photos,Favorites]",https://sdc-carousel-photos.s3-us-west-1.amazonaws.com/photos/sdc-851.jpg
165,4,Wed Apr 08 2020 20:20:00 GMT-0700 (Pacific Daylight Time),"[All photos,Room/Suite]",https://sdc-carousel-photos.s3-us-west-1.amazonaws.com/photos/sdc-89.jpg
166,4,Fri Jun 12 2020 18:53:43 GMT-0700 (Pacific Daylight Time),"[All photos,Traveler]",https://sdc-carousel-photos.s3-us-west-1.amazonaws.com/photos/sdc-960.jpg
167,4,Sat Jun 13 2020 09:44:49 GMT-0700 (Pacific Daylight Time),"[All photos,Room/Suite]",https://sdc-carousel-photos.s3-us-west-1.amazonaws.com/photos/sdc-162.jpg
168,4,Wed Apr 15 2020 13:02:04 GMT-0700 (Pacific Daylight Time),"[All photos,Pool & Beach]",https://sdc-carousel-photos.s3-us-west-1.amazonaws.com/photos/sdc-714.jpg
169,4,Thu Apr 23 2020 22:44:25 GMT-0700 (Pacific Daylight Time),"[All photos,Room/Suite]",https://sdc-carousel-photos.s3-us-west-1.amazonaws.com/photos/sdc-358.jpg
170,4,Sat Jun 13 2020 00:12:35 GMT-0700 (Pacific Daylight Time),"[All photos,Room/Suite]",https://sdc-carousel-photos.s3-us-west-1.amazonaws.com/photos/sdc-87.jpg
171,4,Wed Jun 03 2020 13:25:12 GMT-0700 (Pacific Daylight Time),"[All photos,Bathroom]",https://sdc-carousel-photos.s3-us-west-1.amazonaws.com/photos/sdc-230.jpg
172,4,Sun Apr 26 2020 07:31:27 GMT-0700 (Pacific Daylight Time),"[All photos,Family/Play Areas]",https://sdc-carousel-photos.s3-us-west-1.amazonaws.com/photos/sdc-441.jpg
173,4,Tue May 05 2020 12:45:54 GMT-0700 (Pacific Daylight Time),"[All photos,Hotel & Amenities]",https://sdc-carousel-photos.s3-us-west-1.amazonaws.com/photos/sdc-967.jpg
174,4,Mon Apr 06 2020 03:47:15 GMT-0700 (Pacific Daylight Time),"[All photos,Pool & Beach]",https://sdc-carousel-photos.s3-us-west-1.amazonaws.com/photos/sdc-711.jpg
175,4,Wed Jun 17 2020 10:29:55 GMT-0700 (Pacific Daylight Time),"[All photos,Room/Suite]",https://sdc-carousel-photos.s3-us-west-1.amazonaws.com/photos/sdc-129.jpg
176,4,Thu May 14 2020 00:24:18 GMT-0700 (Pacific Daylight Time),"[All photos,Family/Play Areas]",https://sdc-carousel-photos.s3-us-west-1.amazonaws.com/photos/sdc-904.jpg
177,4,Sun May 10 2020 00:08:10 GMT-0700 (Pacific Daylight Time),"[All photos,Traveler]",https://sdc-carousel-photos.s3-us-west-1.amazonaws.com/photos/sdc-716.jpg
178,4,Wed May 13 2020 18:35:20 GMT-0700 (Pacific Daylight Time),"[All photos,Pool & Beach]",https://sdc-carousel-photos.s3-us-west-1.amazonaws.com/photos/sdc-51.jpg
179,4,Sat Apr 25 2020 12:50:12 GMT-0700 (Pacific Daylight Time),"[All photos,Traveler]",https://sdc-carousel-photos.s3-us-west-1.amazonaws.com/photos/sdc-419.jpg
180,4,Thu Jun 04 2020 18:44:23 GMT-0700 (Pacific Daylight Time),"[All photos,Room/Suite]",https://sdc-carousel-photos.s3-us-west-1.amazonaws.com/photos/sdc-472.jpg
181,5,Mon May 25 2020 02:57:54 GMT-0700 (Pacific Daylight Time),"[All photos,Bathroom]",https://sdc-carousel-photos.s3-us-west-1.amazonaws.com/photos/sdc-390.jpg
182,5,Sun May 17 2020 01:56:41 GMT-0700 (Pacific Daylight Time),"[All photos,Traveler]",https://sdc-carousel-photos.s3-us-west-1.amazonaws.com/photos/sdc-783.jpg
183,5,Thu May 14 2020 02:28:23 GMT-0700 (Pacific Daylight Time),"[All photos,Hotel & Amenities]",https://sdc-carousel-photos.s3-us-west-1.amazonaws.com/photos/sdc-379.jpg
184,5,Sat Jun 27 2020 09:01:35 GMT-0700 (Pacific Daylight Time),"[All photos,Hotel & Amenities]",https://sdc-carousel-photos.s3-us-west-1.amazonaws.com/photos/sdc-531.jpg
185,5,Wed May 27 2020 17:18:06 GMT-0700 (Pacific Daylight Time),"[All photos,Bathroom]",https://sdc-carousel-photos.s3-us-west-1.amazonaws.com/photos/sdc-561.jpg
186,5,Sat Jun 27 2020 21:56:48 GMT-0700 (Pacific Daylight Time),"[All photos,Pool & Beach]",https://sdc-carousel-photos.s3-us-west-1.amazonaws.com/photos/sdc-57.jpg
187,5,Wed Jun 24 2020 02:03:08 GMT-0700 (Pacific Daylight Time),"[All photos,Family/Play Areas]",https://sdc-carousel-photos.s3-us-west-1.amazonaws.com/photos/sdc-114.jpg
188,5,Fri May 15 2020 02:44:41 GMT-0700 (Pacific Daylight Time),"[All photos,Hotel & Amenities]",https://sdc-carousel-photos.s3-us-west-1.amazonaws.com/photos/sdc-846.jpg
189,5,Fri May 01 2020 15:21:42 GMT-0700 (Pacific Daylight Time),"[All photos,Room/Suite]",https://sdc-carousel-photos.s3-us-west-1.amazonaws.com/photos/sdc-230.jpg
190,5,Mon Apr 20 2020 08:49:10 GMT-0700 (Pacific Daylight Time),"[All photos,Hotel & Amenities]",https://sdc-carousel-photos.s3-us-west-1.amazonaws.com/photos/sdc-455.jpg
191,5,Mon Apr 20 2020 21:24:08 GMT-0700 (Pacific Daylight Time),"[All photos,Favorites]",https://sdc-carousel-photos.s3-us-west-1.amazonaws.com/photos/sdc-827.jpg
192,5,Wed May 13 2020 07:50:38 GMT-0700 (Pacific Daylight Time),"[All photos,Pool & Beach]",https://sdc-carousel-photos.s3-us-west-1.amazonaws.com/photos/sdc-647.jpg
193,5,Fri May 15 2020 09:24:47 GMT-0700 (Pacific Daylight Time),"[All photos,Pool & Beach]",https://sdc-carousel-photos.s3-us-west-1.amazonaws.com/photos/sdc-955.jpg
194,5,Mon Jun 22 2020 12:44:34 GMT-0700 (Pacific Daylight Time),"[All photos,Family/Play Areas]",https://sdc-carousel-photos.s3-us-west-1.amazonaws.com/photos/sdc-746.jpg
195,5,Wed Apr 22 2020 19:24:20 GMT-0700 (Pacific Daylight Time),"[All photos,Bathroom]",https://sdc-carousel-photos.s3-us-west-1.amazonaws.com/photos/sdc-534.jpg
196,5,Sat May 09 2020 17:32:30 GMT-0700 (Pacific Daylight Time),"[All photos,Family/Play Areas]",https://sdc-carousel-photos.s3-us-west-1.amazonaws.com/photos/sdc-822.jpg
197,5,Thu Apr 30 2020 02:22:34 GMT-0700 (Pacific Daylight Time),"[All photos,Traveler]",https://sdc-carousel-photos.s3-us-west-1.amazonaws.com/photos/sdc-318.jpg
198,5,Sun May 24 2020 15:18:43 GMT-0700 (Pacific Daylight Time),"[All photos,Pool & Beach]",https://sdc-carousel-photos.s3-us-west-1.amazonaws.com/photos/sdc-414.jpg
199,5,Wed May 27 2020 06:33:33 GMT-0700 (Pacific Daylight Time),"[All photos,Favorites]",https://sdc-carousel-photos.s3-us-west-1.amazonaws.com/photos/sdc-729.jpg
200,5,Mon Jun 15 2020 19:09:33 GMT-0700 (Pacific Daylight Time),"[All photos,Hotel & Amenities]",https://sdc-carousel-photos.s3-us-west-1.amazonaws.com/photos/sdc-513.jpg
